date,code,open,high,low,close,preclose,volume,amount,turn,tradestatus,pctChg,peTTM,pbMRQ,psTTM,pcfNcfTTM,isST
2018-12-05,sz.002942,17.2000,20.6400,17.2000,20.6400,14.3300,45392,931239.8800,0.151307,1,44.033490,19.619543,7.143481,2.626397,-169.167296,0
2018-12-06,sz.002942,22.7000,22.7000,22.7000,22.7000,20.6400,14011,318049.7000,0.046703,1,9.980627,21.577695,7.856444,2.888527,-186.051241,0
2018-12-07,sz.002942,24.9700,24.9700,24.9700,24.9700,22.7000,27375,683553.7500,0.091250,1,9.999993,23.735465,8.642089,3.177380,-204.656366,0
2018-12-10,sz.002942,27.4700,27.4700,27.4700,27.4700,24.9700,73668,2023659.9600,0.245560,1,10.012020,26.111863,9.507336,3.495500,-225.146590,0
2018-12-11,sz.002942,30.2200,30.2200,30.2200,30.2200,27.4700,182123,5503757.0600,0.607077,1,10.010920,28.725901,10.459108,3.845432,-247.685838,0
2018-12-12,sz.002942,33.2400,33.2400,33.2400,33.2400,30.2200,683304,22713024.9600,2.277680,1,9.993390,31.596590,11.504326,4.229720,-272.438029,0
2018-12-13,sz.002942,33.1000,36.2600,31.3600,34.3300,33.2400,20315702,665641201.0600,67.719007,1,3.279182,32.632699,11.881574,4.368421,-281.371767,0
2018-12-14,sz.002942,33.0000,33.4000,31.8800,32.0000,34.3300,13616568,445775002.6300,45.388560,1,-6.787071,30.417896,11.075164,4.071933,-262.274878,0
2018-12-17,sz.002942,31.0000,31.6000,30.5000,31.4400,32.0000,9125778,284413977.1200,30.419260,1,-1.749998,29.885583,10.881348,4.000674,-257.685067,0
2018-12-18,sz.002942,31.1100,31.8900,30.6600,31.4900,31.4400,8834597,276874011.3400,29.448657,1,0.159031,29.933111,10.898653,4.007036,-258.094872,0
2018-12-19,sz.002942,31.1500,31.6800,30.2700,30.7500,31.4900,7899777,243938407.9100,26.332590,1,-2.349952,29.229697,10.642540,3.912873,-252.029765,0
2018-12-20,sz.002942,30.2900,30.5000,28.7000,29.8000,30.7500,10277317,305031941.8800,34.257723,1,-3.089433,28.326666,10.313746,3.791988,-244.243480,0
2018-12-21,sz.002942,29.4500,30.2800,28.7400,30.1400,29.8000,8835050,260659713.2800,29.450167,1,1.140940,28.649856,10.431420,3.835252,-247.030151,0
2018-12-24,sz.002942,29.8000,31.2600,29.6800,30.7500,30.1400,10336197,316974752.7500,34.453990,1,2.023890,29.229697,10.642540,3.912873,-252.029765,0
2018-12-25,sz.002942,29.8000,30.1000,28.6200,29.9100,30.7500,8213368,241213163.2000,27.377893,1,-2.731708,28.431227,10.351817,3.805985,-245.145050,0
2018-12-26,sz.002942,29.7000,32.9000,29.5500,30.9300,29.9100,12496445,387002571.0100,41.654817,1,3.410232,29.400798,10.704838,3.935778,-253.505062,0
2018-12-27,sz.002942,31.5000,34.0200,31.3500,34.0200,30.9300,22107522,730583413.3000,73.691740,1,9.990301,32.338026,11.774283,4.328974,-278.830980,0
2018-12-28,sz.002942,32.5000,32.8000,30.6200,30.6200,34.0200,16552184,524572770.5800,55.173947,1,-9.994121,29.106124,10.597547,3.896331,-250.964274,0
2019-01-02,sz.002942,29.5000,29.8800,28.8200,29.1100,30.6200,9945749,291586274.9500,33.152497,1,-4.931418,27.670780,10.074938,3.704186,-238.588178,0
2019-01-03,sz.002942,28.8100,29.3600,26.6000,26.9200,29.1100,11264922,311235156.1100,37.549740,1,-7.523190,25.589055,9.316981,3.425514,-220.638741,0
2019-01-04,sz.002942,26.3100,27.7600,26.3100,27.3800,26.9200,8246675,224541001.8700,27.488917,1,1.708763,26.026312,9.476187,3.484048,-224.408942,0
2019-01-07,sz.002942,27.5300,27.9200,27.1000,27.6500,27.3800,7964528,219302936.0600,26.548427,1,0.986123,26.282963,9.569634,3.518405,-226.621887,0
2019-01-08,sz.002942,27.5600,28.2400,27.0100,27.9100,27.6500,9002512,249695518.6400,30.008373,1,0.940326,26.530109,9.659619,3.551489,-228.752870,0
2019-01-09,sz.002942,27.9300,30.3000,27.8000,29.4400,27.9100,13165673,379849054.8700,43.885577,1,5.481908,27.984465,10.189151,3.746178,-241.292888,0
2019-01-10,sz.002942,29.0400,30.4400,28.4400,30.1000,29.4400,12505957,367489661.5600,41.686523,1,2.241847,28.611834,10.417576,3.830162,-246.702307,0
2019-01-11,sz.002942,30.2800,32.6800,29.9000,31.6600,30.1000,15210579,480203337.2000,50.701930,1,5.182723,30.094706,10.957490,4.028669,-259.488207,0
2019-01-14,sz.002942,33.0000,33.5800,28.4900,28.4900,31.6600,14625164,451109281.1600,48.750547,1,-10.012640,27.081433,9.860357,3.625293,-233.506602,0
2019-01-15,sz.002942,27.4200,30.6800,27.3000,30.4000,28.4900,12293689,354582800.4400,40.978963,1,6.704106,28.897001,10.521406,3.868336,-249.161134,0
2019-01-16,sz.002942,29.8200,31.5000,29.2900,29.9500,30.4000,11085841,337964513.9000,36.952803,1,-1.480259,28.469250,10.365661,3.811075,-245.472893,0
2019-01-17,sz.002942,29.9000,32.3000,29.3500,31.4500,29.9500,12644635,394210975.3900,42.148783,1,5.008347,29.895089,10.884809,4.001947,-257.767028,0
2019-01-18,sz.002942,31.1600,34.6000,30.8000,33.1800,31.4500,17806752,586568629.8700,59.355840,1,5.500793,31.539556,11.483560,4.222085,-271.946264,0
2019-01-21,sz.002942,32.9400,36.1800,31.9800,34.4800,33.1800,15516928,523933146.9500,51.723093,1,3.918020,32.775283,11.933489,4.387508,-282.601181,0
2019-01-22,sz.002942,33.8400,37.9300,33.7500,37.9300,34.4800,19146021,697587880.1700,63.820070,1,10.005800,36.054713,13.127530,4.826513,-310.877691,0
2019-01-23,sz.002942,37.2000,38.8000,34.9100,37.4000,37.9300,18372268,681222583.8500,61.240893,1,-1.397308,35.550916,12.944098,4.759072,0.000000,0
2019-01-24,sz.002942,36.6400,37.6900,34.6800,34.7200,37.4000,15324750,551626257.8300,51.082500,1,-7.165776,33.003417,12.016553,4.418047,0.000000,0
2019-01-25,sz.002942,34.0300,34.8300,31.7700,32.4000,34.7200,12524986,419342473.6900,41.749953,1,-6.682026,30.798120,11.213603,4.122832,0.000000,0
2019-01-28,sz.002942,32.8800,33.6000,31.7000,33.4500,32.4000,11198908,367619424.5300,37.329693,1,3.240738,31.796207,11.577007,4.256442,0.000000,0
2019-01-29,sz.002942,32.5100,35.4300,30.6000,34.4600,33.4500,13679440,459888201.3300,45.598133,1,3.019427,32.756272,11.926567,4.384963,0.000000,0
2019-01-30,sz.002942,34.0600,35.5000,32.6600,33.0400,34.4600,11766003,404312947.3700,39.220010,1,-4.120715,31.406478,11.435107,4.204271,0.000000,0
2019-01-31,sz.002942,31.6000,32.6800,29.7400,29.7400,33.0400,10391985,320730377.4800,34.639950,1,-9.987897,28.269632,10.292980,3.784353,0.000000,0
2019-02-01,sz.002942,29.6000,30.4500,29.4800,29.6200,29.7400,6260677,187598586.7000,20.868923,1,-0.403493,28.155565,10.251448,3.769083,0.000000,0
2019-02-11,sz.002942,30.0000,31.4800,29.8100,31.3500,29.6200,6483258,199948272.9700,21.610860,1,5.840646,29.800033,10.850199,3.989222,0.000000,0
2019-02-12,sz.002942,31.6100,32.6600,31.6100,32.0000,31.3500,7840502,251324465.8900,26.135007,1,2.073364,30.417896,11.075164,4.071933,0.000000,0
2019-02-13,sz.002942,31.6100,32.5600,31.3900,32.1600,32.0000,7766787,248759888.6500,25.889290,1,0.499999,30.569986,11.130540,4.092293,0.000000,0
2019-02-14,sz.002942,32.0000,34.3000,31.7700,34.2500,32.1600,10109018,335254674.2300,33.696727,1,6.498757,32.556655,11.853886,4.358241,0.000000,0
2019-02-15,sz.002942,33.6900,35.1800,33.1600,33.9000,34.2500,10056561,342098106.6900,33.521870,1,-1.021893,32.223959,11.732752,4.313704,0.000000,0
2019-02-18,sz.002942,33.5700,35.1600,33.1200,34.8200,33.9000,9737435,332259695.8500,32.458117,1,2.713859,33.098473,12.051163,4.430772,0.000000,0
2019-02-19,sz.002942,34.4000,34.8700,33.2100,34.0500,34.8200,8839102,301989897.1200,29.463673,1,-2.211374,32.366543,11.784666,4.332791,0.000000,0
2019-02-20,sz.002942,34.7900,35.8600,33.0100,34.0700,34.0500,10772042,373948571.3400,35.906807,1,0.058738,32.385554,11.791588,4.335336,0.000000,0
2019-02-21,sz.002942,33.0000,33.4800,31.5000,32.6500,34.0700,8561338,279953766.6800,28.537793,1,-4.167884,31.035760,11.300128,4.154644,0.000000,0
2019-02-22,sz.002942,32.4500,32.9500,32.0200,32.7100,32.6500,5146434,168007123.7500,17.154780,1,0.183760,31.092793,11.320894,4.162279,0.000000,0
2019-02-25,sz.002942,32.7100,34.2200,32.5400,34.1900,32.7100,8642120,289552524.9300,28.807067,1,4.524609,32.499621,11.833120,4.350606,0.000000,0
2019-02-26,sz.002942,34.4800,36.5800,33.7300,35.6000,34.1900,13365693,472270839.3200,44.552310,1,4.124012,33.316384,12.321120,4.418000,0.000000,0
2019-02-27,sz.002942,35.1000,35.8800,34.4000,35.3300,35.6000,8854219,310732572.9200,29.514063,1,-0.758417,33.063704,12.227673,4.384493,-289.567857,0
2019-02-28,sz.002942,34.7800,35.4000,33.7100,33.9700,35.3300,6448715,223041495.0300,21.495717,1,-3.849422,31.790943,11.756978,4.215715,-278.421175,0
2019-03-01,sz.002942,34.1500,34.4900,33.4300,34.3300,33.9700,5076324,172643168.3800,16.921080,1,1.059760,32.127850,11.881574,4.260392,-281.371767,0
2019-03-04,sz.002942,34.2000,35.4700,34.1500,34.6800,34.3300,7678789,266997885.7100,25.595963,1,1.019512,32.455399,12.002709,4.303827,-284.240399,0
2019-03-05,sz.002942,34.3500,34.6700,33.6000,34.6000,34.6800,5512731,187964870.9200,18.375770,1,-0.230686,32.380531,11.975021,4.293899,-283.584712,0
2019-03-06,sz.002942,34.6000,36.7000,34.1500,36.4500,34.6000,12172028,434261828.5200,40.573427,1,5.346828,34.111859,12.615304,4.523486,-298.747478,0
2019-03-07,sz.002942,35.7900,39.5000,35.3000,37.6300,36.4500,13109902,489335425.6100,43.699673,1,3.237312,35.216167,13.023700,4.669926,-308.418864,0
2019-03-08,sz.002942,36.1300,36.9400,33.8700,33.8700,37.6300,9267598,330738864.4400,30.891993,1,-9.992033,31.697357,11.722369,4.203305,-277.601566,0
2019-03-11,sz.002942,33.6300,34.6900,33.3300,34.6300,33.8700,5155603,175744425.6600,17.185343,1,2.243880,32.408606,11.985404,4.297622,-283.830594,0
2019-03-12,sz.002942,34.6300,35.9400,34.6300,35.3200,34.6300,6003749,211551334.5100,20.012497,1,1.992488,33.054345,12.224212,4.383252,-289.485896,0
2019-03-13,sz.002942,35.1200,35.1200,32.9100,33.1900,35.3200,6308642,214933896.3000,21.028807,1,-6.030581,31.060977,11.487021,4.118917,-272.028225,0
2019-03-14,sz.002942,32.9900,33.5100,31.0800,31.6500,33.1900,4097786,132040921.5600,13.659287,1,-4.639949,29.619763,10.954029,3.927801,-259.406246,0
2019-03-15,sz.002942,31.8000,32.5800,31.7500,32.5500,31.6500,3084843,99467699.3000,10.282810,1,2.843601,30.462031,11.265518,4.039492,-266.782727,0
2019-03-18,sz.002942,33.0000,33.9600,32.6000,33.8200,32.5500,3601711,120169394.7300,12.005703,1,3.901691,31.650565,11.705064,4.197100,-277.191762,0
2019-03-19,sz.002942,33.9500,33.9500,33.1800,33.3100,33.8200,3211823,107571082.3500,10.706077,1,-1.507979,31.173280,11.528553,4.133809,-273.011756,0
2019-03-20,sz.002942,33.4900,33.6100,32.6900,33.5500,33.3100,3135042,104293667.8100,10.450140,1,0.720498,31.397884,11.611617,4.163593,-274.978817,0
2019-03-21,sz.002942,33.5000,33.6000,33.0200,33.2500,33.5500,3130516,104377244.7900,10.435053,1,-0.894185,31.117128,11.507787,4.126363,-272.519990,0
2019-03-22,sz.002942,33.2900,33.4700,32.5800,33.3000,33.2500,2791176,92555697.0000,9.303920,1,0.150374,31.163921,11.525092,4.132568,-272.929795,0
2019-03-25,sz.002942,32.8000,33.6300,32.5100,33.0800,33.3000,2804993,93192868.3900,9.349977,1,-0.660653,30.958033,11.448951,4.105265,-271.126655,0
2019-03-26,sz.002942,33.4800,34.1800,33.3500,33.5900,33.0800,5186269,175129187.1300,17.287563,1,1.541712,31.435318,11.625461,4.168557,-275.306661,0
2019-03-27,sz.002942,33.8000,33.9000,30.8000,32.1000,33.5900,4273839,138226482.7200,14.246130,1,-4.435849,30.040897,11.109774,3.983646,-263.094487,0
2019-03-28,sz.002942,32.1200,32.1900,31.0100,31.2400,32.1000,2766862,87573993.9400,9.222873,1,-2.679124,29.236063,10.812129,3.876919,-256.045849,0
2019-03-29,sz.002942,30.2900,31.1900,29.5100,31.0500,31.2400,4910146,148937622.9800,16.367153,1,-0.608196,29.086122,4.979399,3.853340,12.656529,0
2019-04-01,sz.002942,31.0000,32.0000,31.0000,31.7900,31.0500,3594104,113796797.2800,11.980347,1,2.383258,29.779318,5.098071,3.945175,12.958166,0
2019-04-02,sz.002942,31.9900,32.4000,31.4600,31.7000,31.7900,3987859,127275268.9300,13.292863,1,-0.283108,29.695011,5.083638,3.934006,12.921480,0
2019-04-03,sz.002942,31.0500,32.0000,31.0500,31.9400,31.7000,3106841,98375834.9600,10.356137,1,0.757097,29.919831,5.122126,3.963790,13.019309,0
2019-04-04,sz.002942,32.0700,32.9800,32.0500,32.5400,31.9400,4456760,145210474.6900,14.855867,1,1.878523,30.481882,5.218346,4.038251,13.263879,0
2019-04-08,sz.002942,35.1100,35.7900,34.0000,34.5700,32.5400,11316585,393416542.3200,37.721950,1,6.238472,32.383486,5.543891,4.290176,14.091343,0
2019-04-09,sz.002942,35.0600,36.3000,33.7800,34.3000,34.5700,8513273,296155824.5300,28.377577,1,-0.781025,32.130563,5.500592,4.256669,13.981286,0
2019-04-10,sz.002942,34.4500,34.9500,33.3900,33.3900,34.3000,5351549,181177325.9600,17.838497,1,-2.653061,31.278120,5.354658,4.143737,13.610354,0
2019-04-11,sz.002942,33.3700,33.7500,31.3700,31.4000,33.3900,5204778,168123223.9800,17.349260,1,-5.959867,29.413985,5.035528,3.896776,12.799195,0
2019-04-12,sz.002942,31.3200,31.6600,30.8000,31.2200,31.4000,2786611,86962744.5900,9.288703,1,-0.573249,29.245370,5.006661,3.874437,12.725824,0
2019-04-15,sz.002942,31.6400,31.6900,30.8200,30.9100,31.2200,2257903,70697751.2400,7.526343,1,-0.992951,28.954977,4.956948,3.835966,12.599462,0
2019-04-16,sz.002942,30.9300,31.4500,30.6000,31.4500,30.9100,2143134,66733271.2300,7.143780,1,1.747010,29.460823,5.043546,3.902981,12.819576,0
2019-04-17,sz.002942,31.4600,31.6300,31.1500,31.3200,31.4500,2479986,77774518.8100,8.266620,1,-0.413358,29.339045,5.022698,3.886848,12.766586,0
2019-04-18,sz.002942,31.3000,31.5500,30.7900,30.9000,31.3200,2350189,73021007.5700,7.833963,1,-1.340996,28.945610,4.955344,3.834725,12.595386,0
2019-04-19,sz.002942,30.9000,31.8700,30.3200,31.5100,30.9000,3219848,100481506.1600,10.732827,1,1.974112,29.517028,5.053168,3.910427,12.844033,0
2019-04-22,sz.002942,31.3900,31.3900,30.7000,30.9000,31.5100,2136941,66127070.8900,7.123137,1,-1.935895,28.945610,4.955344,3.834725,12.595386,0
2019-04-23,sz.002942,30.8700,31.0000,30.6000,30.6500,30.9000,1292482,39796246.9600,4.308273,1,-0.809061,28.711422,4.915252,3.803700,12.493482,0
2019-04-24,sz.002942,30.7000,30.8900,30.2000,30.5200,30.6500,1240778,37822471.9400,4.135927,1,-0.424141,26.689695,4.285855,3.764448,114.854183,0
2019-04-25,sz.002942,30.4000,30.8800,29.5300,29.7200,30.5200,1608295,48683007.3100,5.360983,1,-2.621236,25.990096,4.173513,3.665773,111.843589,0
2019-04-26,sz.002942,29.7100,29.7200,28.5100,28.5100,29.7200,2133498,61641280.8800,7.111660,1,-4.071330,24.931953,4.003595,3.516527,107.290064,0
2019-04-29,sz.002942,28.5700,28.7600,26.0200,26.9200,28.5100,2019700,55218028.0000,6.732333,1,-5.576991,23.541500,3.780315,3.320411,101.306508,0
2019-04-30,sz.002942,26.7900,27.4700,26.7000,27.2900,26.9200,1042944,28425873.4600,3.476480,1,1.374446,23.865065,3.832273,3.366048,102.698908,0
2019-05-06,sz.002942,26.8000,26.8000,24.9000,25.3200,27.2900,1894708,48737780.3800,6.315693,1,-7.218765,22.142303,3.555631,3.123061,95.285318,0
2019-05-07,sz.002942,25.4200,26.1000,25.3700,25.9100,25.3200,1382637,35546825.4200,4.608790,1,2.330174,22.658257,3.638483,3.195834,97.505632,0
2019-05-08,sz.002942,25.2500,26.3600,25.1200,26.1100,25.9100,1538911,39929274.8900,5.129703,1,0.771906,22.833156,3.666569,3.220502,98.258280,0
2019-05-09,sz.002942,25.8000,26.5000,25.5800,26.2900,26.1100,1302603,34066850.2700,4.342010,1,0.689392,22.990566,3.691846,3.242704,98.935664,0
2019-05-10,sz.002942,26.4500,26.8600,25.8200,26.8200,26.2900,2035200,54167337.0000,6.784000,1,2.015971,23.454050,3.766272,3.308076,100.930183,0
2019-05-13,sz.002942,26.5000,26.7900,26.4300,26.7500,26.8200,1004152,26744937.0600,3.347173,1,-0.260998,23.392835,3.756442,3.299442,100.666756,0
2019-05-14,sz.002942,26.4500,26.6100,26.1900,26.2300,26.7500,971711,25681186.0600,3.239037,1,-1.943927,22.938096,3.683420,3.235304,98.709870,0
2019-05-15,sz.002942,26.1900,26.8400,26.1800,26.6100,25.9300,1318611,34929508.8100,4.395370,1,2.622446,23.270406,3.736783,3.282174,100.139902,0
2019-05-16,sz.002942,26.6100,28.2500,26.4200,27.5500,26.6100,2598822,71158320.7400,8.662740,1,3.532501,24.092434,3.868785,3.398117,103.677351,0
2019-05-17,sz.002942,27.1500,27.9300,26.4400,26.5600,27.5500,2433811,66618847.7300,8.112703,1,-3.593466,23.226681,3.729761,3.276007,99.951740,0
2019-05-20,sz.002942,25.8900,26.2000,25.0100,25.7400,26.5600,1397101,35732916.1800,4.657003,1,-3.087348,22.509592,3.614610,3.174865,96.865881,0
2019-05-21,sz.002942,25.7200,26.3900,25.5300,26.1100,25.7400,1021000,26603277.7800,3.403333,1,1.437455,22.833156,3.666569,3.220502,98.258280,0
2019-05-22,sz.002942,26.1300,26.2300,25.4500,25.5500,26.1100,1109279,28571365.5000,3.697597,1,-2.144777,22.343437,3.587929,3.151430,96.150864,0
2019-05-23,sz.002942,25.5400,25.9600,25.3200,25.3600,25.5500,932500,23873974.0000,3.108333,1,-0.743635,22.177282,3.561248,3.127995,95.435848,0
2019-05-24,sz.002942,25.1300,25.7800,25.1300,25.6800,25.3600,999704,25530077.5400,3.332347,1,1.261828,22.457122,3.606185,3.167465,96.640086,0
2019-05-27,sz.002942,25.6200,26.9600,25.4300,26.7000,25.6800,1975699,52265015.9000,6.585663,1,3.971965,23.349110,3.749421,3.293275,100.478594,0
2019-05-28,sz.002942,26.4700,27.6600,26.4700,26.7700,26.7000,2345618,63502114.2600,7.818727,1,0.262171,23.410325,3.759251,3.301909,100.742021,0
2019-05-29,sz.002942,27.0300,27.8600,27.0300,27.4300,26.7700,2483172,68182701.0000,8.277240,1,2.465446,23.987494,3.851933,3.383316,103.225762,0
2019-05-30,sz.002942,27.0900,30.1700,27.0300,29.8200,27.4300,7607746,222104473.0300,25.359153,1,8.713085,26.077546,4.187556,3.678107,112.219913,0
2019-05-31,sz.002942,29.0800,30.8500,28.5800,29.3800,29.8200,7273347,215088192.4400,24.244490,1,-1.475522,25.692767,4.125767,3.623836,110.564086,0
2019-06-03,sz.002942,29.0500,31.4800,28.8000,30.8400,29.3800,8159282,248246776.1000,27.197607,1,4.969370,26.969534,4.330792,3.803918,116.058421,0
2019-06-04,sz.002942,29.5100,29.6000,27.7600,28.4500,30.8400,5012721,143232284.5200,16.709070,1,-7.749674,24.879483,3.995170,3.509127,107.064270,0
2019-06-05,sz.002942,28.5500,30.3000,28.5000,29.7000,28.4500,4855710,142723255.1200,16.185700,1,4.393673,25.972606,4.170704,3.663306,111.768324,0
2019-06-06,sz.002942,29.4900,29.4900,26.9100,27.3100,29.7000,3947729,110515206.0600,13.159097,1,-8.047142,23.882555,3.835082,3.368515,102.774172,0
2019-06-10,sz.002942,27.1900,27.6400,26.6000,27.0000,27.3100,2352505,63586085.7900,7.841683,1,-1.135113,23.611460,3.791549,3.330278,101.607567,0
2019-06-11,sz.002942,27.2200,28.1000,27.0000,28.0200,27.0000,3174665,87978216.4100,10.582217,1,3.777780,24.503449,3.934786,3.456089,105.446075,0
2019-06-12,sz.002942,27.9600,28.9800,27.7300,28.4600,28.0200,3859740,109414229.7300,12.865800,1,1.570302,24.888228,3.996574,3.510360,107.101902,0
2019-06-13,sz.002942,28.4200,28.4300,27.5300,27.7100,28.4600,2728147,75997179.6600,9.093823,1,-2.635278,24.232354,3.891253,3.417852,104.279470,0
2019-06-14,sz.002942,27.9200,28.1000,26.0100,26.1700,27.7100,3003460,81013884.2200,10.011533,1,-5.557557,22.885626,3.674994,3.227903,98.484075,0
2019-06-17,sz.002942,26.0500,26.8000,26.0500,26.5000,26.1700,1111100,29400345.0000,3.703667,1,1.260985,23.174211,3.721336,3.268607,99.725945,0
2019-06-18,sz.002942,26.5000,27.1000,26.2300,26.6600,26.5000,1349707,36080715.9300,4.499023,1,0.603773,23.314131,3.743804,3.288341,100.328064,0
2019-06-19,sz.002942,27.2000,27.3000,26.7500,27.0300,26.6600,1768943,47740879.4200,5.896477,1,1.387850,23.637695,3.795762,3.333979,101.720464,0
2019-06-20,sz.002942,26.9700,27.2500,26.4800,27.2300,27.0300,1960696,52906097.9200,6.535653,1,0.739914,23.812595,3.823848,3.358647,102.473113,0
2019-06-21,sz.002942,27.3500,27.7000,27.1100,27.4300,27.2300,2043411,56002212.8900,6.811370,1,0.734487,23.987494,3.851933,3.383316,103.225762,0
2019-06-24,sz.002942,27.4300,27.4900,27.1100,27.4600,27.4300,1327311,36239882.2900,4.424370,1,0.109365,24.013729,3.856146,3.387016,103.338659,0
2019-06-25,sz.002942,27.3700,27.3900,26.5000,26.7000,27.4600,1568411,41943761.5000,5.228037,1,-2.767656,23.349110,3.749421,3.293275,100.478594,0
2019-06-26,sz.002942,26.6300,26.9500,26.4100,26.8500,26.7000,832600,22297133.0000,2.775333,1,0.561796,23.480285,3.770485,3.311777,101.043080,0
2019-06-27,sz.002942,26.7100,27.1200,26.6300,26.7000,26.8500,1164240,31213642.5600,3.880800,1,-0.558658,23.349110,3.749421,3.293275,100.478594,0
2019-06-28,sz.002942,26.7200,26.8300,25.8200,26.1000,26.7000,1475631,38537057.4200,4.918770,1,-2.247192,22.824411,3.665164,3.219269,98.220648,0
2019-07-01,sz.002942,26.4800,26.8800,26.4800,26.8200,26.1000,1364329,36411712.0400,4.547763,1,2.758618,23.454050,3.766272,3.308076,100.930183,0
2019-07-02,sz.002942,26.8400,27.1600,26.7100,27.0200,26.8200,1416544,38214750.7900,4.721813,1,0.745715,23.628950,3.794358,3.332745,101.682832,0
2019-07-03,sz.002942,27.0000,27.0000,26.5000,26.6700,27.0200,980611,26147325.2500,3.268703,1,-1.295338,23.322876,3.745208,3.289575,100.365697,0
2019-07-04,sz.002942,26.6800,26.8500,26.3200,26.4100,26.6700,949637,25171983.7700,3.165457,1,-0.974879,23.095506,3.708697,3.257506,99.387253,0
2019-07-05,sz.002942,26.5700,27.0600,26.4600,26.9700,26.4100,1109870,29740588.9400,3.699567,1,2.120407,23.585225,3.787337,3.326578,101.494670,0
2019-07-08,sz.002942,27.1200,27.1200,25.9000,26.2500,26.9700,1357800,35825742.7100,4.526000,1,-2.669630,22.955586,3.686229,3.237771,98.785135,0
2019-07-09,sz.002942,26.1500,26.2800,25.8200,26.1900,26.2500,833742,21709837.5200,2.779140,1,-0.228569,22.903116,3.677803,3.230370,98.559340,0
2019-07-10,sz.002942,26.2000,26.2900,25.7000,25.7500,26.1900,838379,21765012.4500,2.794597,1,-1.680032,22.518337,3.616015,3.176099,96.903513,0
2019-07-11,sz.002942,25.7600,26.1500,25.6900,25.7900,25.7500,730472,18924463.2800,2.434907,1,0.155343,22.553317,3.621632,3.181033,97.054043,0
2019-07-12,sz.002942,26.0000,28.3700,25.6700,28.3700,25.7900,4165082,116004791.6300,13.883607,1,10.003880,24.809523,3.983935,3.499259,106.763210,0
2019-07-15,sz.002942,28.9000,28.9200,27.2000,27.9800,28.3700,6097910,170936784.5700,20.326367,1,-1.374696,24.468469,3.929169,3.451155,105.295545,0
2019-07-16,sz.002942,27.6800,28.4900,27.2800,28.2800,27.9800,5456821,152124442.9200,18.189403,1,1.072199,24.730818,3.971297,3.488158,106.424518,0
2019-07-17,sz.002942,27.8000,28.3800,27.7300,27.9500,28.2800,3597591,100412074.0700,11.991970,1,-1.166902,24.442234,3.924956,3.447455,105.182648,0
2019-07-18,sz.002942,27.7200,27.7300,27.1100,27.1200,27.9500,2276138,62113446.0000,7.587127,1,-2.969588,23.716400,3.808401,3.345080,102.059156,0
2019-07-19,sz.002942,27.3100,27.6000,26.5000,26.5000,27.1200,2366291,64190132.5100,7.887637,1,-2.286139,23.174211,3.721336,3.268607,99.725945,0
2019-07-22,sz.002942,26.5100,26.5300,24.4400,24.7000,26.5000,2814620,70594400.3800,9.382067,1,-6.792450,21.600113,3.468566,3.046588,92.952108,0
2019-07-23,sz.002942,24.7600,24.9700,24.5800,24.9500,24.7000,1117400,27719036.0000,3.724667,1,1.012146,21.818738,3.503673,3.077424,93.892918,0
2019-07-24,sz.002942,25.1600,25.4200,25.0000,25.4000,24.9500,1522652,38503825.1700,5.075507,1,1.803603,22.212262,3.566865,3.132929,95.586378,0
2019-07-25,sz.002942,25.3900,25.3900,25.0900,25.2900,25.4000,1417400,35743349.0000,4.724667,1,-0.433066,22.116068,3.551418,3.119361,95.172421,0
2019-07-26,sz.002942,25.1700,25.2700,25.0300,25.2500,25.2900,913947,23000157.5200,3.046500,1,-0.158200,22.081088,3.545801,3.114427,95.021891,0
2019-07-29,sz.002942,25.4300,25.4300,25.1200,25.1600,25.2500,846100,21325852.0000,2.820333,1,-0.356436,22.002383,3.533162,3.103326,94.683199,0
2019-07-30,sz.002942,25.1600,25.4600,25.1400,25.2500,25.1600,1124411,28438639.3100,3.748000,1,0.357700,22.081088,3.545801,3.114427,95.021891,0
2019-07-31,sz.002942,25.1400,25.5400,24.8000,25.4700,25.2500,1460700,36752906.0000,4.869000,1,0.871300,22.273477,3.576695,3.141563,95.849805,0
2019-08-01,sz.002942,25.0600,25.4200,25.0100,25.2500,25.4700,893574,22529598.5400,2.978600,1,-0.863800,22.081088,3.545801,3.114427,95.021891,0
2019-08-02,sz.002942,24.6900,25.1600,24.5400,25.0500,25.2500,1075900,26823221.0000,3.586300,1,-0.792100,21.906188,3.517715,3.089758,94.269243,0
2019-08-05,sz.002942,25.0500,25.3600,24.9500,25.0000,25.0500,1077563,27127354.4100,3.591900,1,-0.199600,21.862463,3.510694,3.083591,94.081081,0
2019-08-06,sz.002942,24.5000,24.5000,23.5300,24.2400,25.0000,1672711,40289018.3300,5.575700,1,-3.040000,21.197844,3.403969,2.989850,91.221016,0
2019-08-07,sz.002942,24.2800,24.4500,24.0300,24.1900,24.2400,959711,23310441.3300,3.199000,1,-0.206300,21.154119,3.396947,2.983683,91.032854,0
2019-08-08,sz.002942,24.1900,24.4800,24.1500,24.2700,24.1900,828379,20182124.3300,2.761300,1,0.330700,21.224079,3.408182,2.993550,91.333913,0
2019-08-09,sz.002942,24.4100,24.5400,23.7600,23.8300,24.2700,938300,22635134.0000,3.127700,1,-1.812900,20.839300,3.346393,2.939279,89.678086,0
2019-08-12,sz.002942,23.8600,24.1100,23.7600,24.0900,23.8300,711011,16995608.4500,2.370000,1,1.091100,21.066669,3.382905,2.971348,90.656529,0
2019-08-13,sz.002942,23.9400,23.9400,23.6000,23.8500,24.0900,877994,20847931.3700,2.926600,1,-0.996300,20.856790,3.349202,2.941746,89.753351,0
2019-08-14,sz.002942,24.2100,24.2400,23.9400,24.0000,23.8500,848159,20458224.4100,2.827200,1,0.628900,20.987964,3.370266,2.960247,90.317837,0
2019-08-15,sz.002942,23.3200,23.9800,23.2200,23.9400,24.0000,990508,23369811.5600,3.301700,1,-0.250000,20.935495,3.361840,2.952847,90.092043,0
2019-08-16,sz.002942,23.8800,24.2400,23.7200,24.0500,23.9400,924600,22303252.0000,3.082000,1,0.459500,21.031689,3.377288,2.966415,90.505999,0
2019-08-19,sz.002942,24.0700,24.6500,24.0700,24.6500,24.0500,1298860,31744791.3900,4.329500,1,2.494800,21.556389,3.461544,3.040421,92.763945,0
2019-08-20,sz.002942,24.5700,25.0600,24.5700,24.9900,24.6500,1565865,38815437.6200,5.219600,1,1.379300,21.853718,3.509290,3.082358,94.043448,0
2019-08-21,sz.002942,24.9800,25.2600,24.7600,24.9100,24.9900,1293911,32287569.6800,4.313000,1,-0.320100,21.783758,3.498055,3.072490,93.742389,0
2019-08-22,sz.002942,25.1500,25.1700,24.6100,24.9800,24.9100,1504500,37481193.0000,5.015000,1,0.281000,20.762191,3.453943,3.046380,94.529826,0
2019-08-23,sz.002942,25.1000,25.5300,24.9500,24.9700,24.9800,1854000,46753453.0000,6.180000,1,-0.040000,20.753880,3.452560,3.045161,94.491983,0
2019-08-26,sz.002942,24.4200,25.2700,24.3500,25.0700,24.9700,1355211,33705185.9200,4.517400,1,0.400500,20.836995,3.466387,3.057356,94.870405,0
2019-08-27,sz.002942,25.1300,25.5600,25.1300,25.4600,25.0700,1615000,41085387.0000,5.383300,1,1.555600,21.161144,3.520312,3.104918,96.346251,0
2019-08-28,sz.002942,25.4600,25.8400,25.3100,25.5800,25.4600,1221600,31219532.0000,4.072000,1,0.471300,21.260883,3.536904,3.119552,96.800358,0
2019-08-29,sz.002942,25.6100,25.9000,25.4400,25.5500,25.5800,1181811,30401929.3800,3.939400,1,-0.117300,21.235948,3.532756,3.115894,96.686831,0
2019-08-30,sz.002942,25.9000,25.9000,24.9000,25.2100,25.5500,1506300,38318358.5900,5.021000,1,-1.330700,20.953356,3.485744,3.074430,95.400196,0
2019-09-02,sz.002942,25.1100,25.7700,25.1100,25.6200,25.2100,1238387,31647758.1600,4.128000,1,1.626300,21.294129,3.542434,3.124430,96.951727,0
2019-09-03,sz.002942,25.8400,25.9600,25.6200,25.8600,25.6200,1061511,27371605.3500,3.538400,1,0.936800,21.493605,3.575619,3.153699,97.859940,0
2019-09-04,sz.002942,25.7400,25.9700,25.6000,25.9300,25.8600,1145982,29602035.7000,3.819900,1,0.270700,21.551786,3.585298,3.162236,98.124835,0
2019-09-05,sz.002942,25.9000,26.3000,25.8500,25.8500,25.9300,1519634,39647020.1700,5.065400,1,-0.308500,21.485294,3.574236,3.152479,97.822097,0
2019-09-06,sz.002942,25.8700,26.2400,25.7600,25.9900,25.8500,1233590,32020718.6400,4.112000,1,0.541600,21.601655,3.593594,3.169553,98.351888,0
2019-09-09,sz.002942,26.1100,26.4500,25.9700,26.4100,25.9900,1397879,36737289.4500,4.659600,1,1.616000,21.950739,3.651666,3.220773,99.941261,0
2019-09-10,sz.002942,26.3600,26.3900,26.1300,26.3000,26.4100,1285611,33721393.4200,4.285400,1,-0.416500,21.859312,3.636457,3.207358,99.524997,0
2019-09-11,sz.002942,26.9000,27.2700,26.4700,26.5000,26.3000,2424463,65114794.3600,8.081500,1,0.760500,22.025543,3.664111,3.231749,100.281841,0
2019-09-12,sz.002942,26.4200,26.6900,26.1500,26.5500,26.5000,1500555,39581268.0900,5.001900,1,0.188700,22.067101,3.671024,3.237846,100.471052,0
2019-09-16,sz.002942,26.5600,26.6800,26.2300,26.3200,26.5500,1209900,31925764.0000,4.033000,1,-0.866300,21.875935,3.639222,3.209797,99.600681,0
2019-09-17,sz.002942,26.3200,26.3300,25.3700,25.5500,26.3200,1556032,40158063.9200,5.186800,1,-2.925500,21.235948,3.532756,3.115894,96.686831,0
2019-09-18,sz.002942,25.7400,26.0600,25.6500,25.9100,25.5500,1268032,32801624.8000,4.226800,1,1.409000,21.535163,3.582532,3.159797,98.049151,0
2019-09-19,sz.002942,26.1100,26.4800,25.8800,26.4600,25.9100,1742194,45806100.4400,5.807300,1,2.122700,21.992297,3.658580,3.226871,100.130472,0
2019-09-20,sz.002942,26.3400,26.8400,26.2500,26.4000,26.4600,1199903,31749826.0200,3.999700,1,-0.226800,21.942428,3.650284,3.219553,99.903419,0
2019-09-23,sz.002942,26.5000,26.5000,25.8700,25.9900,26.4000,1094100,28520895.0000,3.647000,1,-1.553000,21.601655,3.593594,3.169553,98.351888,0
2019-09-24,sz.002942,25.9000,26.2000,25.7200,25.7400,25.9900,1123849,29118792.6200,3.746200,1,-0.961900,21.393867,3.559027,3.139065,97.405833,0
2019-09-25,sz.002942,25.7600,26.5900,25.7500,26.0900,25.7400,2264527,59563735.2900,7.548400,1,1.359800,21.684770,3.607421,3.181748,98.730310,0
2019-09-26,sz.002942,26.2200,28.7000,26.2200,28.7000,26.0900,7201142,201724662.8600,24.003800,1,10.003800,23.854079,3.968301,3.500045,108.607125,0
2019-09-27,sz.002942,29.5600,31.5700,28.0800,31.5700,28.7000,16279653,500093268.9200,54.265500,1,10.000000,26.239486,4.365131,3.850049,119.467838,0
2019-09-30,sz.002942,30.8000,34.7300,30.0800,34.7300,31.5700,14696654,491050806.6300,48.988800,1,10.009500,28.865929,4.802059,4.235420,131.425974,0
2019-10-08,sz.002942,33.4400,38.2000,33.2900,37.5200,34.7300,14611330,538799353.4200,48.704400,1,8.033400,31.184844,5.187827,4.575668,141.983949,0
2019-10-09,sz.002942,36.0000,38.0000,33.7700,35.6200,37.5200,9161088,323933280.5900,30.537000,1,-5.064000,29.605654,4.925118,4.343958,134.793931,0
2019-10-10,sz.002942,36.0800,38.2000,36.0800,37.6000,35.6200,6563595,242519773.0100,21.878700,1,5.558700,31.251336,5.198889,4.585425,142.286687,0
2019-10-11,sz.002942,37.0000,38.0100,36.1200,36.5000,37.6000,4295933,159816779.1500,14.319800,1,-2.925500,30.337069,5.046794,4.451277,138.124045,0
2019-10-14,sz.002942,34.2900,35.8000,33.6900,33.9100,36.5000,4750535,164232605.5700,15.835100,1,-7.095900,28.184383,4.688679,4.135419,128.322914,0
2019-10-15,sz.002942,34.5700,35.1300,33.9100,34.2800,33.9100,3538866,121944648.4800,11.796200,1,1.091100,28.491910,4.739838,4.180541,129.723075,0
2019-10-16,sz.002942,34.4100,35.1000,34.1000,34.2000,34.2800,2535769,87461993.5100,8.452600,1,-0.233400,28.425418,4.728777,4.170785,129.420338,0
2019-10-17,sz.002942,34.5100,34.7300,34.1000,34.3200,34.2000,1649452,56625716.3800,5.498200,1,0.350900,28.525156,4.745369,4.185419,129.874444,0
2019-10-18,sz.002942,34.5900,34.7000,34.1600,34.3600,34.3200,1409718,48462866.7700,4.699100,1,0.116600,28.558402,4.750900,4.190298,130.025813,0
2019-10-21,sz.002942,34.3900,34.3900,31.0000,32.3500,34.3600,1861064,59975096.4700,6.203500,1,-5.849800,26.887785,4.472980,3.945172,122.419530,0
2019-10-22,sz.002942,32.7300,32.9400,32.1000,32.5100,32.3500,1466856,47534497.6700,4.889500,1,0.494600,24.527012,4.304931,3.594374,101.037510,0
2019-10-23,sz.002942,32.7000,32.7800,32.1500,32.1800,32.5100,950614,30818195.3000,3.168700,1,-1.015100,24.278045,4.261233,3.557888,100.011907,0
2019-10-24,sz.002942,32.3000,32.3000,31.1200,32.2000,32.1800,1356938,43200474.6500,4.523100,1,0.062200,24.293134,4.263882,3.560100,100.074064,0
2019-10-25,sz.002942,32.0900,32.4500,31.6200,32.3700,32.2000,934700,29988887.5200,3.115700,1,0.527900,24.421390,4.286393,3.578895,100.602406,0
2019-10-28,sz.002942,32.7500,32.7500,31.5000,31.8000,32.3700,1706255,54629643.6000,5.687500,1,-1.760900,23.991356,4.210914,3.515875,98.830908,0
2019-10-29,sz.002942,31.7500,31.7500,29.5800,30.6000,31.8000,1621948,50334299.3600,5.406500,1,-3.773600,23.086022,4.052012,3.383200,95.101440,0
2019-10-30,sz.002942,30.3000,30.8700,29.7800,29.9900,30.6000,1129089,34082305.3700,3.763600,1,-1.993500,22.625810,3.971236,3.315757,93.205627,0
2019-10-31,sz.002942,29.8000,30.2300,28.8800,29.3900,29.9900,1552625,45712637.1300,5.175400,1,-2.000700,22.173143,3.891785,3.249420,91.340893,0
2019-11-01,sz.002942,29.3000,29.6700,29.0400,29.4000,29.3900,1070400,31386419.0000,3.568000,1,0.034000,22.180688,3.893109,3.250526,91.371972,0
2019-11-04,sz.002942,29.1800,30.7000,28.3000,29.5900,29.4000,2734411,80116846.6900,9.114700,1,0.646300,22.324032,3.918269,3.271533,91.962471,0
2019-11-05,sz.002942,29.3800,29.4300,28.8600,28.9100,29.5900,1322567,38509006.6700,4.408600,1,-2.298100,21.811009,3.828224,3.196350,89.849106,0
2019-11-06,sz.002942,28.9400,30.6800,28.7500,30.5300,28.9100,3018189,89996004.8800,10.060600,1,5.603600,23.033211,4.042742,3.375461,94.883888,0
2019-11-07,sz.002942,31.0000,33.5800,30.3600,33.5800,30.5300,5207054,168712575.9000,17.356800,1,9.990200,25.334268,4.446619,3.712675,104.362953,0
2019-11-08,sz.002942,34.3600,36.4700,33.2200,33.4500,33.5800,6015326,210338404.8000,20.051100,1,-0.387100,25.236190,4.429405,3.698302,103.958927,0
2019-11-11,sz.002942,33.5600,34.6000,32.5000,34.1500,33.4500,3147142,106325772.7500,10.490500,1,2.092700,25.764302,4.522098,3.775696,106.134450,0
2019-11-12,sz.002942,34.5300,35.5500,34.0000,34.9300,34.1500,3126212,108409969.6700,10.420700,1,2.284000,26.352769,4.625385,3.861934,108.558605,0
2019-11-13,sz.002942,34.1500,34.7500,32.4100,33.9800,34.9300,3116262,104331308.6200,10.387500,1,-2.719700,25.636046,4.499587,3.756900,105.606109,0
2019-11-14,sz.002942,33.8700,34.0600,33.0000,33.1500,33.9800,1711153,56991863.8700,5.703800,1,-2.442600,25.009857,4.389679,3.665134,103.026560,0
2019-11-15,sz.002942,33.2300,33.4700,29.8400,29.8400,33.1500,4010982,122378318.1800,13.369900,1,-9.984900,22.512643,3.951374,3.299173,92.739444,0
2019-11-18,sz.002942,27.6000,28.2300,26.9200,27.0500,29.8400,4050620,111346169.1400,13.502100,1,-9.349900,20.407741,3.581925,2.990705,84.068430,0
2019-11-19,sz.002942,26.8000,29.7600,26.8000,29.7600,27.0500,4426900,127926795.0000,14.756300,1,10.018500,22.452288,3.940780,3.290328,92.490812,0
2019-11-20,sz.002942,30.9800,31.5800,29.0000,29.9100,29.7600,5598693,169057854.2400,18.662300,1,0.504000,22.565455,3.960643,3.306912,92.956996,0
2019-11-21,sz.002942,30.4000,30.4200,29.3100,29.6200,29.9100,2467935,73642172.6400,8.226500,1,-0.969600,22.346665,3.922241,3.274849,92.055708,0
2019-11-22,sz.002942,29.9600,29.9600,29.0100,29.0100,29.6200,1883533,55338481.3800,6.278400,1,-2.059400,21.886454,3.841466,3.207407,90.159895,0
2019-11-25,sz.002942,28.4900,29.1900,28.1500,28.7400,29.0100,1603850,45881814.0000,5.346200,1,-0.930700,21.682754,3.805713,3.177555,89.320764,0
2019-11-26,sz.002942,28.5100,29.0000,27.5000,27.8200,28.7400,2551152,71663053.8800,8.503800,1,-3.201100,20.988664,3.683888,3.075838,86.461505,0
2019-11-27,sz.002942,27.7500,28.1600,26.9600,27.3800,27.8200,2059500,56696855.0000,6.865000,1,-1.581600,20.656708,3.625624,3.027190,85.094034,0
2019-11-28,sz.002942,27.5300,29.1500,27.3000,27.7900,27.3800,3017741,85029287.1000,10.059100,1,1.497400,20.966031,3.679915,3.072521,86.368269,0
2019-11-29,sz.002942,27.7800,28.0200,27.1800,27.3200,27.7900,1800200,49407895.0000,6.000700,1,-1.691300,20.611442,3.617678,3.020557,84.907560,0
2019-12-02,sz.002942,27.1900,27.5000,26.5000,26.7900,27.3200,2254211,60677714.9000,7.514000,1,-1.940000,20.211586,3.547497,2.961959,83.260379,0
2019-12-03,sz.002942,26.8300,27.0000,25.9100,26.3900,26.7900,2373500,62425924.0000,7.911700,1,-1.493100,19.909808,3.494529,2.917734,82.017222,0
2019-12-04,sz.002942,26.0800,26.5800,26.0100,26.2000,26.3900,1966363,51705249.6700,6.554500,1,-0.720000,19.766463,3.469369,2.896727,81.426723,0
2019-12-05,sz.002942,26.2600,27.4500,26.2600,27.3200,26.2000,3554221,96278412.7700,10.758100,1,4.274800,20.611442,3.617678,3.020557,84.907560,0
2019-12-06,sz.002942,27.0200,27.9800,26.9400,27.6300,27.3200,3329045,91750579.5000,8.511500,1,1.134700,20.845320,3.658728,3.054831,85.871006,0
2019-12-09,sz.002942,27.6300,27.7500,27.0700,27.1800,27.6300,2548256,69485681.6000,6.515200,1,-1.628700,20.505819,3.599140,3.005078,84.472456,0
2019-12-10,sz.002942,27.1800,27.6700,27.1100,27.4000,27.1800,2384619,65301833.2700,6.096800,1,0.809400,20.671797,3.628272,3.029402,85.156192,0
2019-12-11,sz.002942,27.5600,27.5600,26.6100,26.9100,27.4000,2551800,68749631.0000,6.524300,1,-1.788300,20.302119,3.563387,2.975226,83.633325,0
2019-12-12,sz.002942,26.7800,27.1600,26.5000,26.5200,26.9100,1905100,51011222.0000,4.870800,1,-1.449300,20.007886,3.511743,2.932107,82.421248,0
2019-12-13,sz.002942,26.7400,27.3500,26.6100,27.3200,26.5200,2949000,79812187.0000,7.539800,1,3.016600,20.611442,3.617678,3.020557,84.907560,0
2019-12-16,sz.002942,27.3200,28.5000,27.2700,28.1400,27.3200,3565300,99209304.0000,9.115500,1,3.001500,21.230087,3.726262,3.111217,87.456030,0
2019-12-17,sz.002942,28.1900,28.5500,27.9800,28.4500,28.1400,3440123,97282108.9800,8.795500,1,1.101600,21.463965,3.767312,3.145492,88.419476,0
2019-12-18,sz.002942,28.2700,28.6900,28.1900,28.2300,28.4500,2951708,83878549.0100,7.546700,1,-0.773300,21.297987,3.738179,3.121168,87.735740,0
2019-12-19,sz.002942,28.2100,28.4600,28.1500,28.4400,28.2300,2173722,61512708.7300,5.557600,1,0.743900,21.456420,3.765987,3.144386,88.388397,0
2019-12-20,sz.002942,28.5100,28.6300,27.8200,27.9100,28.4400,2257679,63606485.2800,5.772300,1,-1.863600,21.056564,3.695805,3.085788,86.741216,0
2019-12-23,sz.002942,27.9100,29.3100,27.6800,28.1700,27.9100,4703200,134167520.0000,12.024800,1,0.931600,21.252720,3.730234,3.114534,87.549267,0
2019-12-24,sz.002942,27.8600,28.1600,27.5200,28.0700,28.1700,2415700,67212765.0000,6.176300,1,-0.355000,21.177275,3.716992,3.103478,87.238478,0
2019-12-25,sz.002942,27.9200,28.1800,27.6100,28.0300,28.0700,1784311,49742348.7800,4.562000,1,-0.142500,21.147098,3.711696,3.099056,87.114162,0
2019-12-26,sz.002942,27.9800,28.2800,27.8800,28.0900,28.0300,1660939,46588943.5100,4.246600,1,0.214100,21.192364,3.719641,3.105689,87.300636,0
2019-12-27,sz.002942,28.2000,29.1400,28.0200,28.6200,28.0900,3457631,98579082.6500,8.840200,1,1.886800,21.592220,3.789823,3.164287,88.947818,0
2019-12-30,sz.002942,28.5300,28.5300,27.4000,27.9200,28.6200,2801800,78144394.0000,7.163400,1,-2.445800,21.064109,3.697130,3.086894,86.772294,0
2019-12-31,sz.002942,27.9300,28.2800,27.8100,28.1700,27.9200,1666408,46834090.8400,4.260600,1,0.895400,21.252720,3.730234,3.114534,87.549267,0
2020-01-02,sz.002942,28.2800,28.9600,28.1500,28.6300,28.1700,2745500,78424421.8800,7.019500,1,1.632900,21.599765,3.791147,3.165393,88.978896,0
2020-01-03,sz.002942,28.6400,31.4500,28.6000,30.0900,28.6300,6157900,184086299.0000,15.744100,1,5.099500,22.701255,3.984478,3.326814,93.516416,0
2020-01-06,sz.002942,29.9800,29.9800,29.2400,29.4300,30.0900,3984812,117814070.8400,10.188100,1,-2.193400,22.203321,3.897082,3.253843,91.465209,0
2020-01-07,sz.002942,29.4600,29.7400,29.3000,29.5800,29.4300,2533212,74846070.5600,6.476700,1,0.509700,22.316488,3.916945,3.270427,91.931392,0
2020-01-08,sz.002942,29.3500,29.3600,28.4400,28.4400,29.5800,3228800,93271825.6400,8.255200,1,-3.854000,21.456420,3.765987,3.144386,88.388397,0
2020-01-09,sz.002942,28.6500,29.1400,28.6500,28.9400,28.4400,1794200,51831190.0000,4.587300,1,1.758100,21.833643,3.832197,3.199667,89.942342,0
2020-01-10,sz.002942,29.0700,29.2600,28.7600,29.1100,28.9400,1772562,51401307.1800,4.532000,1,0.587400,21.961898,3.854708,3.218463,90.470684,0
2020-01-13,sz.002942,29.2200,29.9000,29.1100,29.8500,29.1100,2715912,80601483.0400,6.943800,1,2.542100,22.520188,3.952698,3.300279,92.770523,0
2020-01-14,sz.002942,29.8800,30.2000,29.5600,29.6600,29.8500,1895000,56382563.0000,4.845000,1,-0.636500,22.376843,3.927538,3.279272,92.180023,0
2020-01-15,sz.002942,29.6600,29.7300,28.9900,29.5300,29.6600,1830422,53802004.1100,4.679900,1,-0.438300,22.278765,3.910324,3.264899,91.775998,0
2020-01-16,sz.002942,29.5300,29.6700,29.0600,29.1000,29.5300,1261500,36972868.0000,3.225300,1,-1.456100,21.954354,3.853384,3.217357,90.439605,0
2020-01-17,sz.002942,29.1600,29.8300,29.1600,29.5100,29.1000,1956300,57763786.0000,5.001700,1,1.408900,22.263677,3.907675,3.262688,91.713840,0
2020-01-20,sz.002942,29.5900,29.6400,28.9000,29.1000,29.5100,1931200,56209084.0000,4.937600,1,-1.389400,21.954354,3.853384,3.217357,90.439605,0
2020-01-21,sz.002942,29.1200,29.1800,28.1000,28.1700,29.1000,2045100,58240918.0000,5.228800,1,-3.195900,21.252720,3.730234,3.114534,87.549267,0
2020-01-22,sz.002942,28.1100,28.1100,27.3900,27.6900,28.1700,1817744,50239457.2300,4.647500,1,-1.703900,20.890586,3.666673,3.061465,86.057480,0
2020-01-23,sz.002942,27.6900,27.6900,26.1600,26.6000,27.6900,2062023,55505675.1900,5.272000,1,-3.936400,20.068241,3.522337,2.940952,82.669879,0
2020-02-03,sz.002942,23.9400,23.9400,23.9400,23.9400,26.6000,264500,6332130.0000,0.676300,1,-10.000000,18.061417,3.170103,2.646857,74.402891,0
2020-02-04,sz.002942,21.5500,23.3800,21.5500,22.9600,23.9400,2409093,54853112.6600,6.159400,1,-4.093600,17.322061,3.040333,2.538506,71.357159,0
2020-02-05,sz.002942,22.9700,23.9900,22.9700,23.9900,22.9600,2043587,48518069.4600,5.224900,1,4.486100,18.099139,3.176724,2.652385,74.558286,0
2020-02-06,sz.002942,24.2000,24.6700,23.9200,24.6000,23.9900,2082211,50666068.0600,5.323600,1,2.542700,18.559351,3.257500,2.719828,76.454099,0
2020-02-07,sz.002942,24.6100,24.8500,24.1100,24.7200,24.6000,1948006,47631195.8600,4.980500,1,0.487800,18.649884,3.273390,2.733095,76.827046,0
2020-02-10,sz.002942,24.5800,25.4600,24.3100,25.4200,24.7200,2014073,50612434.8500,5.149400,1,2.831700,19.177996,3.366083,2.810489,79.002569,0
2020-02-11,sz.002942,25.7400,25.7400,25.0700,25.2500,25.4200,1594100,40306379.0200,4.075700,1,-0.668800,19.049740,3.343572,2.791693,78.474228,0
2020-02-12,sz.002942,25.0500,26.2300,25.0400,26.0000,25.2500,1915100,49493216.0000,4.896400,1,2.970300,19.615574,3.442886,2.874615,80.805145,0
2020-02-13,sz.002942,26.1500,27.3800,26.1000,26.1300,26.0000,3237801,86644454.0500,8.278200,1,0.500000,19.713652,3.460100,2.888988,81.209171,0
2020-02-14,sz.002942,25.8700,26.9700,25.7500,26.5700,26.1300,2418123,63780988.4400,6.182500,1,1.683900,20.045608,3.518364,2.937635,82.576643,0
2020-02-17,sz.002942,27.8900,29.2300,27.8900,29.2300,26.5700,6987059,201448850.1000,17.864000,1,10.011300,22.052432,3.870598,3.231730,90.843631,0
2020-02-18,sz.002942,28.0000,28.7600,27.7100,28.4200,29.2300,5164342,146057234.4600,13.203800,1,-2.771100,21.441331,3.763339,3.142175,88.326240,0
2020-02-19,sz.002942,28.0200,28.3900,27.5300,27.8300,28.4200,3222049,90041656.5000,8.237900,1,-2.076000,21.441331,3.763339,3.142175,88.326240,0
2020-02-20,sz.002942,27.9700,28.0700,27.2200,27.9000,27.8300,2477900,68633778.8400,6.335300,1,0.251500,21.049020,3.694481,3.084683,86.710137,0
2020-02-21,sz.002942,27.8600,28.0800,27.5100,27.7100,27.9000,2235800,62146120.0000,5.716300,1,-0.681000,20.905675,3.669322,3.063676,86.119637,0
2020-02-24,sz.002942,27.6700,28.1200,27.4500,28.0500,27.7100,2681719,74769870.3900,6.856400,1,1.227000,21.162187,3.714344,3.101267,87.176320,0
2020-02-25,sz.002942,27.5000,27.5300,26.5300,27.3000,28.0500,2845164,77320885.3800,7.274300,1,-2.673800,20.596353,3.615030,3.018345,84.845403,0
2020-02-26,sz.002942,27.0000,27.8400,26.9000,27.0600,27.3000,1690678,46159165.4500,4.322600,1,-0.879100,20.926860,3.583250,2.995826,84.099509,0
2020-02-27,sz.002942,27.0600,27.2000,26.5800,26.7500,27.0600,1268000,34024683.0000,3.241900,1,-1.145600,20.687122,3.542200,2.961506,83.136063,0
2020-02-28,sz.002942,25.9700,26.4100,24.6800,24.7600,26.7500,2199982,56155312.0400,5.624800,1,-7.439300,19.148155,3.278687,2.741192,76.951361,0
2020-03-02,sz.002942,24.7600,26.2700,24.7600,26.1900,24.7600,1618711,41701194.7300,4.138600,1,5.775400,20.254046,3.468045,2.899508,81.395644,0
2020-03-03,sz.002942,26.6100,27.4600,26.6100,27.1100,26.1900,2445864,65997340.7500,6.253400,1,3.512800,20.965528,3.589870,3.001361,84.254903,0
2020-03-04,sz.002942,27.0000,27.3500,26.7100,27.2000,27.1100,1581653,42704400.2600,4.043900,1,0.332000,21.035129,3.601788,3.011325,84.534613,0
2020-03-05,sz.002942,27.1700,27.6200,27.1400,27.6000,27.2000,2448830,67163190.1000,6.261000,1,1.470600,21.344470,3.654756,3.055610,85.777770,0
2020-03-06,sz.002942,27.9500,28.7800,27.6000,27.6600,27.6000,3333143,93795920.9300,8.521900,1,0.217400,21.390871,3.662701,3.062252,85.964243,0
2020-03-09,sz.002942,26.9900,27.1700,26.2400,26.4100,27.6600,2259430,60255562.5300,5.776700,1,-4.519200,20.424183,3.497177,2.923864,82.079380,0
2020-03-10,sz.002942,25.8000,26.5500,25.1700,26.5000,26.4100,1891719,48925045.9400,4.836600,1,0.340800,20.493784,3.509095,2.933828,82.359090,0
2020-03-11,sz.002942,26.4500,26.7800,26.0800,26.1000,26.5000,1492619,39452127.6500,3.816200,1,-1.509400,20.184444,3.456128,2.889544,81.115934,0
2020-03-12,sz.002942,25.7600,25.7700,25.0000,25.3800,26.1000,1527119,38792677.4100,3.904400,1,-2.758600,19.627632,3.360786,2.809832,78.878253,0
2020-03-13,sz.002942,24.0100,24.7700,23.8000,24.5300,25.3800,1658700,40257162.0000,4.240800,1,-3.349100,18.970284,3.248230,2.715728,76.236547,0
2020-03-16,sz.002942,25.0000,25.1800,23.7600,23.7700,24.5300,1123631,27530294.8400,2.872800,1,-3.098200,18.382538,3.147592,2.631588,73.874550,0
2020-03-17,sz.002942,23.8200,24.2000,22.8100,23.4700,23.7700,1191500,27771070.0000,3.046300,1,-1.262100,18.150533,3.107866,2.598375,72.942183,0
2020-03-18,sz.002942,23.5800,24.0900,23.3000,23.3300,23.4700,1115900,26500363.0000,2.853100,1,-0.596500,18.042264,3.089328,2.582876,72.507078,0
2020-03-19,sz.002942,23.3600,23.5300,22.8100,23.3900,23.3300,1067300,24667685.0000,2.728800,1,0.257200,18.088665,3.097273,2.589518,72.693552,0
2020-03-20,sz.002942,23.6000,23.9400,23.4500,23.9400,23.3900,1077820,25567604.5000,2.755700,1,2.351400,18.514007,3.170103,2.650409,74.402891,0
2020-03-23,sz.002942,23.5100,24.3000,23.0200,23.5300,23.9400,959500,22606749.0000,2.453200,1,-1.712600,18.196934,3.115812,2.605018,73.128656,0
2020-03-24,sz.002942,23.8300,24.2700,23.6200,24.1800,23.5300,1191902,28601184.7100,3.047400,1,2.762400,18.699611,3.201884,2.676980,75.148785,0
2020-03-25,sz.002942,24.4800,24.6900,24.3000,24.5700,24.1800,1200613,29435319.0900,3.069600,1,1.612900,19.001218,3.253527,2.720157,76.360862,0
2020-03-26,sz.002942,24.5700,25.1900,24.4600,24.6000,24.5700,1383198,34278471.4600,3.536500,1,0.122100,19.024419,3.257500,2.723478,76.454099,0
2020-03-27,sz.002942,24.9000,24.9000,24.3100,24.3100,24.6000,927417,22830826.7800,2.371200,1,-1.178900,18.800147,3.219098,2.691372,75.552811,0
2020-03-30,sz.002942,24.3400,25.1500,23.6100,25.0000,24.3100,1971100,48468904.0000,5.039600,1,2.838300,19.333759,3.310467,2.767762,77.697255,0
2020-03-31,sz.002942,25.2000,26.1300,24.8500,26.0800,25.0000,3420812,87409513.3400,8.746100,1,4.320000,20.168977,3.453479,2.887330,81.053776,0
2020-04-01,sz.002942,25.7900,26.0700,24.5500,24.5500,26.0800,2282657,57685869.2400,5.836100,1,-5.866600,18.985751,3.250879,2.717943,76.298704,0
2020-04-02,sz.002942,24.5000,24.7000,23.8000,24.6000,24.5500,1225500,29795913.9200,3.133300,1,0.203700,19.024419,3.257500,2.723478,76.454099,0
2020-04-03,sz.002942,24.6100,24.9200,24.4500,24.4800,24.6000,878560,21682749.8200,2.246200,1,-0.487800,18.931617,3.241609,2.710193,76.081152,0
2020-04-07,sz.002942,24.7000,25.7000,24.7000,25.6500,24.4800,2249318,57099755.8500,5.750900,1,4.779400,19.836436,3.396539,2.839724,79.717384,0
2020-04-08,sz.002942,25.6000,25.9800,25.4300,25.7800,25.6500,1606998,41352192.7600,4.108700,1,0.506800,19.936972,3.413754,2.854117,80.121409,0
2020-04-09,sz.002942,25.6600,25.9300,25.4000,25.6300,25.7800,1295760,33353129.2000,3.312900,1,-0.581900,19.820969,3.393891,2.837510,79.655226,0
2020-04-10,sz.002942,25.8000,25.8000,24.7500,24.8400,25.6300,1215211,30593611.8000,3.107000,1,-3.082300,19.210023,3.289280,2.750049,77.199993,0
2020-04-13,sz.002942,25.1400,27.1400,25.1400,26.0400,24.8400,3165700,82828403.0000,8.093800,1,4.830900,20.138043,3.448183,2.882901,80.929461,0
2020-04-14,sz.002942,25.8600,26.0000,25.4000,25.8200,26.0400,2210000,56674924.0000,5.650400,1,-0.844900,19.967906,3.419050,2.858545,80.245725,0
2020-04-15,sz.002942,25.6500,25.7400,25.2800,25.4700,25.8200,1765598,45050693.1000,4.514200,1,-1.355500,19.697233,3.372704,2.819796,79.157963,0
2020-04-16,sz.002942,25.2100,25.4400,25.0300,25.4000,25.4700,1026409,25909594.3600,2.624200,1,-0.274800,19.643099,3.363435,2.812047,78.940411,0
2020-04-17,sz.002942,25.4000,25.6500,25.2700,25.4000,25.4000,982609,24992678.1700,2.512300,1,0.000000,19.643099,3.363435,2.812047,78.940411,0
2020-04-20,sz.002942,25.5100,25.8100,25.2300,25.8100,25.4000,1179100,30140867.0000,3.014600,1,1.614200,19.960172,3.417726,2.857438,80.214646,0
2020-04-21,sz.002942,25.7700,25.7700,25.3600,25.7700,25.8100,1078209,27501159.4000,2.756700,1,-0.155000,19.929238,3.412429,2.853009,80.090330,0
2020-04-22,sz.002942,25.6500,26.5000,25.6000,26.4800,25.7700,2861320,75131245.0800,7.315600,1,2.755100,20.478317,3.506447,2.931614,82.296933,0
2020-04-23,sz.002942,26.1100,26.2200,25.7600,25.7700,26.4800,2598100,67402728.0000,6.642600,1,-2.681300,19.816025,3.163764,2.718656,-297.749804,0
2020-04-24,sz.002942,25.6300,25.6800,24.5300,24.7100,25.7700,1791679,44865676.0100,4.580800,1,-4.113300,19.000931,3.033628,2.606829,-285.502431,0
2020-04-27,sz.002942,24.7500,25.2000,24.3100,24.9100,24.7100,894660,22171282.8000,2.287400,1,0.809400,19.154722,3.058182,2.627928,-287.813256,0
2020-04-28,sz.002942,24.7900,24.7900,23.2000,24.1500,24.9100,1095041,26314781.1800,2.799700,1,-3.051000,18.570315,2.964878,2.547751,-279.032121,0
2020-04-29,sz.002942,24.3500,24.7500,24.3300,24.4600,24.1500,686998,16829987.6400,1.756500,1,1.283600,18.808691,3.002936,2.580455,-282.613900,0
2020-04-30,sz.002942,24.4600,24.9300,24.4200,24.9000,24.4600,823703,20434083.5000,2.106000,1,1.798900,19.147032,3.056955,2.626873,-287.697715,0
2020-05-06,sz.002942,24.6100,25.2500,24.6100,25.2400,24.9000,946800,23700860.0000,2.420700,1,1.365500,19.408478,3.098696,2.662742,-291.626118,0
2020-05-07,sz.002942,25.2400,25.5700,25.1000,25.3800,25.2400,1155822,29309968.4600,2.955100,1,0.554700,19.516132,3.115884,2.677512,-293.243695,0
2020-05-08,sz.002942,25.3800,25.7400,25.3800,25.4900,25.3800,1359100,34724759.0000,3.474800,1,0.433400,19.600717,3.129388,2.689116,-294.514649,0
2020-05-11,sz.002942,25.6000,25.8900,25.5000,25.6800,25.4900,1399500,35998038.0000,3.578100,1,0.745400,19.746819,3.152715,2.709161,-296.709933,0
2020-05-12,sz.002942,25.6800,25.7300,25.2200,25.5400,25.6800,904081,23000229.7400,2.311500,1,-0.545200,19.639165,3.135527,2.694391,-295.092355,0
2020-05-13,sz.002942,25.4100,26.2500,25.3200,26.1200,25.5400,1988800,51600328.4000,5.084800,1,2.270900,20.085160,3.206733,2.755579,-301.793748,0
2020-05-14,sz.002942,25.9200,26.0600,25.5800,25.6400,26.1200,1136860,29275410.0000,2.906600,1,-1.837700,19.716061,3.147804,2.704941,-296.247768,0
2020-05-15,sz.002942,25.7100,25.9100,25.5200,25.6000,25.6400,881700,22699851.0000,2.254300,1,-0.156000,19.685302,3.142893,2.700721,-295.785603,0
2020-05-18,sz.002942,25.6000,25.7500,25.2800,25.5200,25.6000,913611,23242986.1800,2.335900,1,-0.312500,19.623786,3.133071,2.692281,-294.861273,0
2020-05-19,sz.002942,25.6000,26.2500,25.5100,26.1200,25.5200,1967084,51097429.6700,5.029300,1,2.351100,20.085160,3.206733,2.755579,-301.793748,0
2020-05-20,sz.002942,26.2000,26.2000,25.5500,25.6000,26.1200,1227800,31677473.0000,3.139100,1,-1.990800,19.685302,3.142893,2.700721,-295.785603,0
2020-05-21,sz.002942,25.7500,26.1800,25.4000,26.0300,25.6000,1702891,43954404.7300,4.353800,1,1.679700,20.015954,3.195684,2.746085,-300.753876,0
2020-05-22,sz.002942,25.9500,26.1500,24.8800,25.0000,26.0300,1475000,37467901.0000,3.771200,1,-3.957000,19.223928,3.069231,2.637423,-288.853127,0
2020-05-25,sz.002942,24.9900,24.9900,24.3500,24.4900,25.0000,858800,21060517.0000,2.195700,1,-2.040000,18.831760,3.006619,2.583619,-282.960524,0
2020-05-26,sz.002942,24.6200,25.3500,24.4000,25.2300,24.4900,960991,24005282.5900,2.457000,1,3.021600,19.400788,3.097468,2.661687,-291.510576,0
2020-05-27,sz.002942,25.0700,25.9400,25.0700,25.7200,25.2300,1394700,35784055.0000,3.565900,1,1.942100,19.777577,3.157625,2.713381,-297.172098,0
2020-05-28,sz.002942,25.8800,26.4200,25.4500,25.8300,25.7200,1828300,47427012.0000,4.674500,1,0.427700,19.862163,3.171130,2.724985,-298.443051,0
2020-05-29,sz.002942,25.8800,26.0700,25.5600,25.9200,25.8300,1410966,36490457.1200,3.607500,1,0.348400,19.931369,3.182179,2.734480,-299.482923,0
2020-06-01,sz.002942,26.1400,26.3900,25.9000,26.2300,25.9200,1924095,50428642.8100,4.919400,1,1.196000,20.169745,3.220238,2.767184,-303.064701,0
2020-06-02,sz.002942,26.2500,26.3500,25.9800,26.0300,26.2300,1515886,39587650.2500,3.875700,1,-0.762500,20.015954,3.195684,2.746085,-300.753876,0
2020-06-03,sz.002942,26.0000,26.1800,25.7600,25.9700,26.0300,1262792,32720207.8300,3.228600,1,-0.230500,19.969817,3.188318,2.739755,-300.060629,0
2020-06-04,sz.002942,26.0000,28.5700,26.0000,28.5700,25.9700,8858925,246873479.9800,22.649900,1,10.011600,21.969105,3.507518,3.014047,-330.101354,0
2020-06-05,sz.002942,28.4300,28.7900,27.7500,28.1400,28.5700,6072778,172081657.0200,15.526400,1,-1.505100,21.638454,3.454727,2.968683,-325.133080,0
2020-06-08,sz.002942,28.4200,29.4700,27.8700,28.9400,28.1400,5037689,144621860.7600,12.880000,1,2.842900,22.253619,3.552942,3.053081,-334.376380,0
2020-06-09,sz.002942,28.8300,28.9200,28.2300,28.3400,28.9400,2287589,65369123.2200,5.848700,1,-2.073300,21.792245,3.479281,2.989783,-327.443905,0
2020-06-10,sz.002942,28.1600,29.1500,27.9500,29.0300,28.3400,2542200,72982453.0600,6.499700,1,2.434700,22.322825,3.563992,3.062575,-335.416252,0
2020-06-11,sz.002942,29.0000,29.2700,28.6800,29.2000,29.0300,2351100,68242480.3400,6.011100,1,0.585600,22.453548,3.584862,3.080510,-337.380453,0
2020-06-12,sz.002942,28.7100,29.2900,28.3000,28.7800,29.2000,1569118,45272476.4100,4.011800,1,-1.438400,22.130586,3.533299,3.036201,-332.527720,0
2020-06-15,sz.002942,28.9900,30.0800,28.8000,29.6000,28.7800,2630870,78041976.0000,6.726400,1,2.849200,22.761131,3.633970,3.122709,-342.002103,0
2020-06-16,sz.002942,29.4900,31.3800,29.2000,30.6000,29.6000,3317011,100094624.5500,8.480700,1,3.378400,23.530088,3.756739,3.228206,-353.556228,0
2020-06-17,sz.002942,30.7100,31.6000,30.1200,31.4200,30.6000,2825633,87561661.2400,7.224400,1,2.679700,24.160633,3.857410,3.314713,-363.030611,0
2020-06-18,sz.002942,31.1300,31.1300,30.2100,30.2900,31.4200,1826100,55659724.0000,4.668800,1,-3.596400,23.291711,3.718681,3.195502,-349.974449,0
2020-06-19,sz.002942,30.0300,30.0700,29.3600,29.4700,29.9400,1670200,49579136.1900,4.270200,1,-1.569800,22.661167,3.618010,3.108994,-340.500067,0
2020-06-22,sz.002942,29.7600,29.7900,28.7300,28.7600,29.4700,1804729,52396349.4300,4.614200,1,-2.409200,22.115207,3.530844,3.034091,-332.296638,0
2020-06-23,sz.002942,28.8500,29.0900,28.5000,28.9100,28.7600,1593790,45986947.0800,4.074900,1,0.521600,22.230551,3.549259,3.049916,-334.029757,0
2020-06-24,sz.002942,28.9200,29.0800,28.4400,28.7500,28.9100,1201900,34524398.0000,3.072900,1,-0.553400,22.107517,3.529616,3.033036,-332.181097,0
2020-06-29,sz.002942,28.8500,29.5800,28.7500,29.2400,28.7500,1876809,54694419.8700,4.798500,1,1.704300,22.484306,3.589773,3.084730,-337.842618,0
2020-06-30,sz.002942,29.0100,29.3300,29.0100,29.2200,29.2400,1250142,36439933.6600,3.196300,1,-0.068400,22.468927,3.587318,3.082620,-337.611535,0
2020-07-01,sz.002942,29.1000,29.3500,28.8300,29.1500,29.2200,1190055,34518343.0000,3.042600,1,-0.239600,22.415100,3.578724,3.075235,-336.802747,0
2020-07-02,sz.002942,29.2500,29.3000,28.8200,28.9200,29.1500,1187111,34362652.6600,3.035100,1,-0.789000,22.238240,3.550487,3.050971,-334.145298,0
2020-07-03,sz.002942,28.9200,30.1500,28.5100,29.8100,28.9200,2204488,64662898.0400,5.636300,1,3.077500,22.922612,3.659752,3.144863,-344.428469,0
2020-07-06,sz.002942,29.7300,30.6800,29.7200,30.4200,29.8100,2346990,70844061.1900,6.000600,1,2.046300,23.391676,3.734641,3.209216,-351.476486,0
2020-07-07,sz.002942,30.7700,30.7700,30.0000,30.2500,30.4200,2093472,63481645.6000,5.352400,1,-0.558800,23.260953,3.713770,3.191282,-349.512284,0
2020-07-08,sz.002942,30.0200,30.4000,29.9000,30.2600,30.2500,1501900,45351291.0000,3.839900,1,0.033100,23.268643,3.714998,3.192337,-349.627825,0
2020-07-09,sz.002942,30.2500,31.6000,30.0700,31.4600,30.2600,2220183,68484256.6400,5.676400,1,3.965600,24.191391,3.862321,3.318933,-363.492776,0
2020-07-10,sz.002942,31.3000,32.9000,31.1200,32.4100,31.4600,2976574,95077410.7500,7.610300,1,3.019700,24.921900,3.978952,3.419155,-374.469194,0
2020-07-13,sz.002942,32.4000,34.5500,32.2600,34.0000,32.4100,3089460,104621652.9700,7.898900,1,4.905900,26.144542,4.174155,3.586895,-392.840253,0
2020-07-14,sz.002942,34.0000,34.8800,32.8900,34.3900,34.0000,2948723,99620842.7200,7.539100,1,1.147100,26.444436,4.222035,3.628039,-397.346362,0
2020-07-15,sz.002942,34.3300,34.7700,32.3000,32.3000,34.3900,1962425,65133070.3200,5.017400,1,-6.077300,24.837315,3.965447,3.407550,-373.198241,0
2020-07-16,sz.002942,32.4000,35.3500,32.4000,33.1600,32.3000,3373286,114463508.5400,8.624600,1,2.662500,25.498618,4.071029,3.498278,-383.134788,0
2020-07-17,sz.002942,34.3400,34.5000,32.6500,34.3000,33.1600,2140263,72639073.5500,5.472100,1,3.437900,26.375229,4.210986,3.618544,-396.306491,0
2020-07-20,sz.002942,34.6900,35.9000,34.3000,34.7200,34.3000,2269813,79559301.1000,5.803300,1,1.224500,26.698191,4.262549,3.662853,-401.159223,0
2020-07-21,sz.002942,35.0000,35.7700,34.1200,35.4500,34.7200,2018950,70511549.5000,5.161900,1,2.102500,27.259530,4.352170,3.739866,-409.593735,0
2020-07-22,sz.002942,35.2000,35.7800,34.5000,35.2000,35.4500,1732200,60743892.0000,4.428800,1,-0.705200,27.067291,4.321478,3.713491,-406.705203,0
2020-07-23,sz.002942,35.1900,35.7200,34.3100,35.6700,35.2000,2796300,98249602.0000,7.149400,1,1.335200,27.428701,4.379179,3.763075,-412.135642,0
2020-07-24,sz.002942,35.3500,35.9800,32.9300,33.0300,35.6700,2842881,96742012.1400,7.268500,1,-7.401200,25.398654,4.055069,3.484563,-381.632752,0
2020-07-27,sz.002942,33.0500,34.5000,33.0500,34.1800,33.0300,1747000,59093536.0000,4.466600,1,3.481700,26.282955,4.196253,3.605885,-394.919996,0
2020-07-28,sz.002942,34.5000,35.4800,33.7100,34.5800,34.1800,1605811,55482624.8700,4.105600,1,1.170300,26.590537,4.245361,3.648083,-399.541646,0
2020-07-29,sz.002942,34.6600,35.4900,34.2000,35.2700,34.5800,1278701,44707901.2500,3.269300,1,1.995400,27.121118,4.330072,3.720876,-407.513992,0
2020-07-30,sz.002942,35.4100,38.8000,35.4100,38.8000,35.2700,3548601,132704084.2800,9.072800,1,10.008500,29.835536,4.763447,4.093280,-448.300054,0
2020-07-31,sz.002942,38.2800,39.3300,38.0000,38.4500,38.8000,2226300,85770903.0000,5.692000,1,-0.902100,29.566401,4.720478,4.056356,-444.256110,0
2020-08-03,sz.002942,38.7200,38.7200,38.0500,38.4500,38.4500,1832900,70045435.0000,4.686200,1,0.000000,29.566401,4.720478,4.056356,-444.256110,0
2020-08-04,sz.002942,38.4500,40.3800,38.0000,38.1000,38.4500,2113093,82597958.7200,5.402600,1,-0.910300,29.297266,4.677509,4.019433,-440.212166,0
2020-08-05,sz.002942,38.0300,39.5700,37.5600,39.5000,38.1000,1565481,60707449.1200,4.002500,1,3.674500,30.373806,4.849386,4.167128,-456.387941,0
2020-08-06,sz.002942,39.5000,39.5400,37.9200,38.4400,39.5000,1264911,48716282.8100,3.234000,1,-2.683500,29.558712,4.719250,4.055301,-444.140569,0
2020-08-07,sz.002942,38.5100,39.8000,37.5000,38.2000,38.4400,1109115,42508597.0500,2.835700,1,-0.624300,29.374162,4.689786,4.029982,-441.367579,0
2020-08-10,sz.002942,37.9100,39.2800,37.9100,39.1400,38.2000,1076573,41572588.6900,2.752500,1,2.460700,30.096982,4.805189,4.129149,-452.228456,0
2020-08-11,sz.002942,38.8100,41.4900,38.6600,39.1500,39.1400,2325811,92704377.4600,5.946500,1,0.025500,30.104671,4.806416,4.130204,-452.343998,0
2020-08-12,sz.002942,38.5200,40.0000,36.5800,37.1500,39.1500,1723219,64690422.8100,4.405800,1,-5.108600,28.566757,4.560878,3.919210,-429.235747,0
2020-08-13,sz.002942,37.7000,39.3000,37.1600,37.2700,37.1500,1308863,49727887.5900,3.346400,1,0.323000,28.659032,4.575610,3.931870,-430.622242,0
2020-08-14,sz.002942,36.7800,37.8000,35.8000,37.8000,37.2700,1418884,52418087.4400,3.627700,1,1.422100,29.066579,4.640678,3.987783,-436.745929,0
2020-08-17,sz.002942,37.5300,38.7500,37.5300,38.7300,37.8000,903884,34572836.4000,2.311000,1,2.460300,29.781709,4.754853,4.085896,-447.491265,0
2020-08-18,sz.002942,38.7300,39.6500,38.2300,39.1200,38.7300,964500,37705131.0000,2.466000,1,1.007000,30.081603,4.802733,4.127039,-451.997374,0
2020-08-19,sz.002942,39.1200,39.3800,38.2000,38.2300,39.1200,789900,30572361.0000,2.019600,1,-2.275100,29.397231,4.693469,4.033147,-441.714203,0
2020-08-20,sz.002942,38.1800,38.4500,37.2200,37.3100,38.2300,635460,23987125.0000,1.624700,1,-2.406500,28.689790,4.580521,3.936090,-431.084407,0
2020-08-21,sz.002942,37.2100,39.0000,37.2000,37.7000,37.3100,1016575,38652507.2700,2.599100,1,1.045300,28.989684,4.628401,3.977234,-435.590516,0
2020-08-24,sz.002942,37.7200,38.4700,37.4000,37.6000,37.7000,599780,22634043.4000,1.533500,1,-0.265300,28.912788,4.616124,3.966684,-434.435104,0
2020-08-25,sz.002942,37.6700,37.9000,35.8600,36.2000,37.6000,1587601,58143760.9100,4.059100,1,-3.723400,27.836248,4.444247,3.818988,-418.259329,0
2020-08-26,sz.002942,36.5900,37.8000,34.6000,35.0000,36.2000,1311200,46669608.2000,3.352400,1,-3.314900,25.195223,4.182846,3.450612,-769.043064,0
2020-08-27,sz.002942,35.4000,36.8600,35.0000,36.4100,35.0000,1100981,39832959.0200,2.814900,1,4.028600,26.210231,4.351355,3.589623,-800.024513,0
2020-08-28,sz.002942,36.4200,37.3600,35.7300,36.9700,36.4100,1058600,38803633.0000,2.706600,1,1.538000,26.613354,4.418280,3.644833,-812.329202,0
2020-08-31,sz.002942,37.2000,37.4000,36.6000,36.7000,36.9700,894900,33147239.0000,2.288000,1,-0.730300,26.418991,4.386013,3.618213,-806.396584,0
2020-09-01,sz.002942,36.7300,37.3900,36.4700,37.3700,36.7000,824711,30673694.5600,2.108600,1,1.825600,26.901300,4.466084,3.684268,-821.118265,0
2020-09-02,sz.002942,37.4900,37.7300,36.8100,37.2000,37.3700,633100,23572293.0000,1.618700,1,-0.454900,26.778923,4.445768,3.667508,-817.382913,0
2020-09-03,sz.002942,37.4600,37.4600,36.0500,36.2900,37.2000,642211,23455731.4500,1.642000,1,-2.446200,26.123847,4.337014,3.577792,-797.387794,0
2020-09-04,sz.002942,35.6500,36.7800,35.6500,36.6500,36.2900,637691,23149763.9800,1.630400,1,0.992000,26.382998,4.380037,3.613284,-805.297951,0
2020-09-07,sz.002942,36.5900,36.9000,35.8000,36.2000,36.6500,607850,22068598.5000,1.554100,1,-1.227800,26.059059,4.326258,3.568919,-795.410254,0
2020-09-08,sz.002942,36.0600,36.1700,34.9200,35.2300,36.2000,559200,19761942.0000,1.429700,1,-2.679600,25.360792,4.210333,3.473288,-774.096775,0
2020-09-09,sz.002942,34.8800,35.2400,33.7100,33.7100,35.2300,922900,31658019.8000,2.359600,1,-4.314500,24.266599,4.028678,3.323433,-740.698334,0
2020-09-10,sz.002942,33.8600,34.2000,32.5800,32.6000,33.7100,777000,25908382.0000,1.986600,1,-3.292800,23.467551,3.896022,3.213999,-716.308682,0
2020-09-11,sz.002942,33.0000,33.5600,32.5000,33.5000,32.6000,541900,17911323.0000,1.385500,1,2.760700,24.115428,4.003581,3.302729,-736.084075,0
2020-09-14,sz.002942,33.4900,34.6500,31.9200,33.9900,33.5000,696900,23418439.0000,1.781800,1,1.462700,24.468161,4.062141,3.351038,-746.850678,0
2020-09-15,sz.002942,33.9800,34.6700,33.5200,33.9600,33.9900,480700,16322812.0000,1.229000,1,-0.088300,24.446565,4.058556,3.348080,-746.191498,0
2020-09-16,sz.002942,34.0300,34.3000,33.3100,33.7100,33.9600,420000,14168842.0000,1.073800,1,-0.736200,24.266599,4.028678,3.323433,-740.698334,0
2020-09-17,sz.002942,33.7000,34.3300,32.9700,33.9400,33.7100,506217,17206002.9000,1.294300,1,0.682300,24.432168,4.056165,3.346108,-745.752045,0
2020-09-18,sz.002942,33.8100,34.7900,33.6300,34.5200,33.9400,434100,14880845.0000,1.109900,1,1.708900,24.849689,4.125481,3.403290,-758.496187,0
2020-09-21,sz.002942,34.5200,34.5300,33.1900,33.4600,34.5200,818600,27558036.0000,2.092900,1,-3.070700,24.086633,3.998801,3.298785,-735.205169,0
2020-09-22,sz.002942,33.0900,33.5800,32.8300,32.9200,33.4600,473800,15723988.0000,1.211400,1,-1.613900,23.697907,3.934265,3.245547,-723.339933,0
2020-09-23,sz.002942,32.8500,34.3800,32.8400,33.7800,32.9200,684800,23080854.0000,1.750800,1,2.612400,24.316990,4.037044,3.330334,-742.236420,0
2020-09-24,sz.002942,33.4400,33.7600,32.0600,32.2600,33.7800,673060,21958343.4000,1.720800,1,-4.499700,23.222797,3.855389,3.180479,-708.837978,0
2020-09-25,sz.002942,32.3400,32.3900,31.5900,31.9000,32.2600,489500,15580393.0000,1.251500,1,-1.115900,22.963646,3.812365,3.144987,-700.927821,0
2020-09-28,sz.002942,31.9500,32.2400,31.3600,31.4500,31.9000,420200,13327325.0000,1.074300,1,-1.410700,22.639708,3.758586,3.100622,-691.040124,0
2020-09-29,sz.002942,31.5300,31.8700,31.2500,31.7700,31.4500,344895,10911213.1500,0.881800,1,1.017500,22.870064,3.796829,3.132170,-698.071375,0
2020-09-30,sz.002942,31.6400,31.9000,31.3300,31.7300,31.7700,281103,8898896.7400,0.718700,1,-0.125900,22.841270,3.792049,3.128227,-697.192469,0
2020-10-09,sz.002942,32.3700,32.9800,31.9400,32.5800,31.7300,623490,20182395.0000,1.594100,1,2.678900,23.453154,3.893632,3.212027,-715.869229,0
2020-10-12,sz.002942,33.0100,33.1700,32.5700,32.9000,32.5800,948900,31228917.0000,2.426100,1,0.982200,23.683510,3.931875,3.243576,-722.900480,0
2020-10-13,sz.002942,32.9000,32.9900,32.5200,32.8200,32.9000,396900,12979901.0000,1.014800,1,-0.243200,23.625921,3.922314,3.235688,-721.142667,0
2020-10-14,sz.002942,32.8200,33.5400,32.2300,33.3600,32.8200,715711,23603645.0500,1.829900,1,1.645300,24.014647,3.986850,3.288926,-733.007903,0
2020-10-15,sz.002942,33.2000,33.5700,32.6000,32.6300,33.3600,585600,19356133.0000,1.497200,1,-2.188200,23.489147,3.899607,3.216957,-716.967862,0
2020-10-16,sz.002942,32.7100,32.9000,32.3600,32.6200,32.6300,423311,13798946.4800,1.082300,1,-0.030600,23.481948,3.898412,3.215971,-716.748135,0
2020-10-19,sz.002942,32.5700,32.9300,32.1800,32.2100,32.6200,360000,11697202.0000,0.920400,1,-1.256900,23.186804,3.849413,3.175549,-707.739345,0
2020-10-20,sz.002942,32.0300,32.6700,32.0200,32.5800,32.2100,320700,10391157.0000,0.819900,1,1.148700,23.453154,3.893632,3.212027,-715.869229,0
2020-10-21,sz.002942,32.5900,32.5900,31.7000,31.8400,32.5800,448700,14370101.0000,1.147200,1,-2.271300,22.920455,3.805195,3.139071,-699.609461,0
2020-10-22,sz.002942,31.8500,31.9600,31.3200,31.8100,31.8400,331000,10482004.0000,0.846300,1,-0.094200,22.898859,3.801609,3.136114,-698.950281,0
2020-10-23,sz.002942,31.5800,32.0800,30.6600,30.7300,31.8100,497900,15539972.0000,1.273000,1,-3.395200,22.121406,3.672539,3.029638,-675.219810,0
2020-10-26,sz.002942,30.7300,31.1500,30.2000,30.9700,30.7300,472500,14524014.5900,1.208100,1,0.781000,22.294173,3.701221,3.053299,-680.493248,0
2020-10-27,sz.002942,30.8900,31.1600,30.2800,30.4000,30.9700,550100,16804281.0000,1.406500,1,-1.840500,21.883851,3.633100,2.997103,-667.968832,0
2020-10-28,sz.002942,30.9800,32.4200,30.9100,32.1100,30.4000,1744160,55314400.7400,4.459300,1,5.625000,21.390605,3.656773,3.151697,865.251399,0
2020-10-29,sz.002942,32.0000,32.6600,31.8500,32.3500,32.1100,956000,30900638.0000,2.444200,1,0.747400,21.550485,3.684105,3.175254,871.718553,0
2020-10-30,sz.002942,32.4800,32.4800,31.6300,32.0500,32.3500,619100,19786700.0000,1.582900,1,-0.927400,21.350635,3.649940,3.145808,863.634610,0
2020-11-02,sz.002942,31.6500,32.3000,31.6500,32.2000,32.0500,455739,14609835.8800,1.165200,1,0.468000,21.450560,3.667022,3.160531,867.676582,0
2020-11-03,sz.002942,32.0200,32.4200,31.3800,32.2200,32.2000,916015,29284512.6000,2.342000,1,0.062100,21.463883,3.669300,3.162494,868.215511,0
2020-11-04,sz.002942,32.0000,32.3600,31.5200,31.6600,32.2200,846513,26891627.0400,2.164300,1,-1.738100,21.090830,3.605526,3.107528,853.125484,0
2020-11-05,sz.002942,31.8400,33.7800,31.7800,33.4700,31.6600,1594337,52409785.8900,4.076300,1,5.717000,22.296591,3.811653,3.285185,901.898608,0
2020-11-06,sz.002942,33.4800,34.9800,33.4800,34.6500,33.4700,2132400,73522719.8100,5.452000,1,3.525500,23.082668,3.946035,3.401006,933.695452,0
2020-11-09,sz.002942,34.9900,35.2800,33.8800,34.7500,34.6500,1522421,52371236.2200,3.892400,1,0.288600,23.149284,3.957423,3.410821,936.390100,0
2020-11-10,sz.002942,34.9800,35.2800,34.3300,34.5300,34.7500,893500,31064035.0000,2.284400,1,-0.633100,23.002728,3.932369,3.389228,930.461875,0
2020-11-11,sz.002942,34.8000,35.0000,33.9400,34.1100,34.5300,878200,30313117.0000,2.245300,1,-1.216300,22.722938,3.884538,3.348003,919.144354,0
2020-11-12,sz.002942,34.1200,34.3300,33.3400,33.7000,34.1100,825600,27841423.0000,2.110800,1,-1.202000,22.449810,3.837846,3.307761,908.096298,0
2020-11-13,sz.002942,33.9600,33.9600,32.8700,33.1000,33.7000,922433,30610832.5000,2.358400,1,-1.780400,22.050110,3.769517,3.248869,891.928412,0
2020-11-16,sz.002942,33.1900,35.7100,33.1800,35.4900,33.1000,1895021,66168004.2500,4.845100,1,7.220500,23.642247,4.041696,3.483455,956.330493,0
2020-11-17,sz.002942,35.3100,35.6000,34.7000,35.0900,35.4900,1360800,47917069.0000,3.479200,1,-1.127100,23.375781,3.996143,3.444193,945.551902,0
2020-11-18,sz.002942,35.0900,35.3800,34.6800,35.1000,35.0900,1138854,39838705.5800,2.911700,1,0.028500,23.382443,3.997282,3.445175,945.821367,0
2020-11-19,sz.002942,35.0000,35.3500,34.6700,35.2400,35.1000,980742,34392667.9800,2.507500,1,0.398900,23.475706,4.013226,3.458916,949.593874,0
